nruns,len,mode,iterations,hosts,npernode,mpienv,time_total-mean,time_total-error,time_stream-mean,time_stream-error,GUPs-mean,GUPs-error,bandwidth-mean,bandwidth-error
2,1000,0,500,weaver2:weaver5,1,NVSHMEMTEST_USE_MPI_LAUNCHER=1,0.42745999999999995,0.040747735372656,0.08674799999999999,1.555634918610979e-05,0.002882,0.0,0.023055,4.242640687118622e-06
2,1200,0,500,weaver2:weaver5,1,NVSHMEMTEST_USE_MPI_LAUNCHER=1,0.44039649999999997,0.03166636298187713,0.08619450000000001,0.0018731258633631633,0.0034815000000000002,7.56604255869605e-05,0.02785,0.0006052834046956865
2,1400,0,500,weaver2:weaver5,1,NVSHMEMTEST_USE_MPI_LAUNCHER=1,0.4085025,0.019761513213820442,0.08641650000000001,1.9091883092046064e-05,0.0040505,7.071067811866414e-07,0.032401,7.071067811862734e-06
2,1600,0,500,weaver2:weaver5,1,NVSHMEMTEST_USE_MPI_LAUNCHER=1,0.3852485,0.017180573462489555,0.085061,0.0037490801538510757,0.004706999999999999,0.00020788939366884497,0.0376565,0.0016595796154448283
2,1900,0,500,weaver2:weaver5,1,NVSHMEMTEST_USE_MPI_LAUNCHER=1,0.402557,0.014410836200581806,0.0878785,0.001281984594291217,0.005405999999999999,7.919595949289341e-05,0.043246,0.0006307392488184031
2,2200,0,500,weaver2:weaver5,1,NVSHMEMTEST_USE_MPI_LAUNCHER=1,0.410104,0.022279520461625766,0.082858,0.0013548165927534258,0.006639,0.00010889444430272805,0.053110000000000004,0.0008683271272970803
2,2600,0,500,weaver2:weaver5,1,NVSHMEMTEST_USE_MPI_LAUNCHER=1,0.39732,0.011783227401692636,0.0863385,0.006158192957353638,0.0075474999999999995,0.0005381082604829624,0.0603815,0.0043069874042072605
2,3100,0,500,weaver2:weaver5,1,NVSHMEMTEST_USE_MPI_LAUNCHER=1,0.4044495,0.02427144026422824,0.0915195,0.0008605489527040254,0.0084685,7.990306627408005e-05,0.06774849999999999,0.0006371032098490786
2,3700,0,500,weaver2:weaver5,1,NVSHMEMTEST_USE_MPI_LAUNCHER=1,0.4523035,0.012184156946625398,0.0912785,0.004435680838383213,0.0101455,0.0004928534264870235,0.0811665,0.003944948732239749
2,4400,0,500,weaver2:weaver5,1,NVSHMEMTEST_USE_MPI_LAUNCHER=1,0.435585,0.009104706914557986,0.096607,0.00036203867196751133,0.0113865,4.3133513652379604e-05,0.09109149999999999,0.00034153257531310057
2,5200,0,500,weaver2:weaver5,1,NVSHMEMTEST_USE_MPI_LAUNCHER=1,0.403604,0.016686305822440153,0.0975105,0.0015492709575797247,0.0133335,0.00021142492757477818,0.1066685,0.0016949349545041616
2,6200,0,500,weaver2:weaver5,1,NVSHMEMTEST_USE_MPI_LAUNCHER=1,0.4160915,0.01945745729791024,0.09819900000000001,0.005074198261794666,0.0158055,0.0008167083322704635,0.126443,0.006533666658163708
2,7400,0,500,weaver2:weaver5,1,NVSHMEMTEST_USE_MPI_LAUNCHER=1,0.429845,0.02060367739021362,0.104051,0.000981464212286928,0.0177805,0.00016758430714121253,0.1422445,0.001341381563910868
2,8800,0,500,weaver2:weaver5,1,NVSHMEMTEST_USE_MPI_LAUNCHER=1,0.4211885,0.007744940574336248,0.110867,0.005495633903381839,0.019868,0.0009842926394116724,0.158944,0.007878583755980502
2,10000,0,500,weaver2:weaver5,1,NVSHMEMTEST_USE_MPI_LAUNCHER=1,0.41181,0.01840598951428583,0.1148995,0.0019466649686065692,0.0217615,0.0003684026329981917,0.17409049999999998,0.0029493423843290952
2,12000,0,500,weaver2:weaver5,1,NVSHMEMTEST_USE_MPI_LAUNCHER=1,0.42422899999999997,0.015883032519012255,0.1137355,0.0015535135982668482,0.0263795,0.00035991735162395447,0.2110355,0.002882874346897572
2,14000,0,500,weaver2:weaver5,1,NVSHMEMTEST_USE_MPI_LAUNCHER=1,0.483831,0.0002828427124746271,0.12426000000000001,0.0006208397538817914,0.028167499999999998,0.00014071424945612384,0.225337,0.0011271282092113653
2,16000,0,500,weaver2:weaver5,1,NVSHMEMTEST_USE_MPI_LAUNCHER=1,0.42070850000000004,0.01802768738635102,0.12675999999999998,0.00013435028842544101,0.0315555,3.323401871577153e-05,0.2524455,0.0002679934700697144
2,19000,0,500,weaver2:weaver5,1,NVSHMEMTEST_USE_MPI_LAUNCHER=1,0.47234149999999997,0.022729947481241596,0.1658265,0.00012657211383240084,0.028644500000000003,2.1920310216782817e-05,0.2291545,0.00017465537495307528
2,22000,0,500,weaver2:weaver5,1,NVSHMEMTEST_USE_MPI_LAUNCHER=1,0.480551,0.020336391026925114,0.168495,0.00021920310216783307,0.032642000000000004,4.242640687119112e-05,0.261135,0.0003394112549695682
2,26000,0,500,weaver2:weaver5,1,NVSHMEMTEST_USE_MPI_LAUNCHER=1,0.465727,0.018348006758228515,0.1698365,0.006394366622269966,0.0382995,0.0014417907268393698,0.306394,0.011534325814714958
2,31000,0,500,weaver2:weaver5,1,NVSHMEMTEST_USE_MPI_LAUNCHER=1,0.4780395,0.011882929457839902,0.1694455,0.0036069516908325944,0.045747499999999997,0.0009736860376938733,0.3659825,0.007790195408332193
2,37000,0,500,weaver2:weaver5,1,NVSHMEMTEST_USE_MPI_LAUNCHER=1,0.48604,0.00434587827717255,0.194289,0.004191728998873865,0.047620499999999996,0.0010274261530640555,0.38096399999999997,0.008219409224512444
2,44000,0,500,weaver2:weaver5,1,NVSHMEMTEST_USE_MPI_LAUNCHER=1,0.538292,0.020493368732348565,0.2167725,0.016573875844231478,0.050893499999999994,0.0038912086168695716,0.4071455,0.031128961828175407
2,52000,0,500,weaver2:weaver5,1,NVSHMEMTEST_USE_MPI_LAUNCHER=1,0.5471265000000001,0.0004801255044256553,0.2185665,0.002045659917972667,0.059481,0.0005572001435749974,0.475848,0.004453358507912894
2,62000,0,500,weaver2:weaver5,1,NVSHMEMTEST_USE_MPI_LAUNCHER=1,0.5416350000000001,0.013881920328254289,0.22649049999999998,0.0011462200923034016,0.06843650000000001,0.0003457752160002241,0.5474920000000001,0.0027704443686888767
2,74000,0,500,weaver2:weaver5,1,NVSHMEMTEST_USE_MPI_LAUNCHER=1,0.5379325,0.00354614050765053,0.2490185,0.0014135064555919287,0.074293,0.0004214356415871818,0.5943434999999999,0.003373606453040997
2,88000,0,500,weaver2:weaver5,1,NVSHMEMTEST_USE_MPI_LAUNCHER=1,0.598678,0.005074198261794637,0.268842,1.697056274845486e-05,0.0818325,4.949747468310782e-06,0.6546595,4.17193000899499e-05
2,100000,0,500,weaver2:weaver5,1,NVSHMEMTEST_USE_MPI_LAUNCHER=1,0.5912120000000001,0.005347141479332643,0.2795335,0.0004094148263070083,0.089435,0.00013152186130069199,0.7154795,0.0010472251429372447
2,120000,0,500,weaver2:weaver5,1,NVSHMEMTEST_USE_MPI_LAUNCHER=1,0.6241265,0.01229729403161528,0.3069715,0.0019608071042303142,0.097731,0.0006236681810065306,0.7818475,0.004994295195520615
2,140000,0,500,weaver2:weaver5,1,NVSHMEMTEST_USE_MPI_LAUNCHER=1,0.6209065,0.004743979394980523,0.32114750000000003,0.0014488617946512522,0.1089855,0.0004914392129246513,0.871883,0.003932927916959546
2,160000,0,500,weaver2:weaver5,1,NVSHMEMTEST_USE_MPI_LAUNCHER=1,0.6789955000000001,0.01446386920917083,0.350466,0.0032937033867669746,0.1141385,0.0010726809870599957,0.913111,0.008580033682917631
2,190000,0,500,weaver2:weaver5,1,NVSHMEMTEST_USE_MPI_LAUNCHER=1,0.719642,0.05173476053873257,0.40817000000000003,0.030603581489753805,0.116701,0.008749739310402337,0.9336085000000001,0.07000003580356232
2,220000,0,500,weaver2:weaver5,1,NVSHMEMTEST_USE_MPI_LAUNCHER=1,0.7171915,0.033523225389273055,0.412879,0.007394922717648891,0.1332325,0.00238648538650461,1.065858,0.019090468878474307
2,260000,0,500,weaver2:weaver5,1,NVSHMEMTEST_USE_MPI_LAUNCHER=1,0.7961940000000001,0.05521089747504566,0.47516800000000003,0.02932937507005559,0.13705499999999998,0.008459825530115856,1.0964385,0.0676764829205833
2,310000,0,500,weaver2:weaver5,1,NVSHMEMTEST_USE_MPI_LAUNCHER=1,0.828165,0.02073802767863908,0.4999255,0.0031374327881247286,0.155026,0.0009729789309126811,1.2402095,0.007781710126957907
2,370000,0,500,weaver2:weaver5,1,NVSHMEMTEST_USE_MPI_LAUNCHER=1,0.952887,0.04263005362417458,0.6285354999999999,0.050451361730878976,0.147643,0.011851109652686534,1.1811455,0.09480817011471114
2,440000,0,500,weaver2:weaver5,1,NVSHMEMTEST_USE_MPI_LAUNCHER=1,0.9850190000000001,0.009633622786885501,0.661656,0.0019572715703243585,0.16625,0.0004921463197058387,1.330002,0.003934342130521881
2,520000,0,500,weaver2:weaver5,1,NVSHMEMTEST_USE_MPI_LAUNCHER=1,1.0654605,0.010810955577561045,0.745484,0.012614784976367985,0.174408,0.002951463704672657,1.3952665,0.023611002530599973
2,620000,0,500,weaver2:weaver5,1,NVSHMEMTEST_USE_MPI_LAUNCHER=1,1.1795575,0.00621193307272385,0.8472999999999999,0.006969244435374596,0.18294,0.0015047232303649666,1.4635215,0.012037078736138606
2,740000,0,500,weaver2:weaver5,1,NVSHMEMTEST_USE_MPI_LAUNCHER=1,1.317603,0.010042330506411382,0.9869,0.008621045876226373,0.187463,0.0016376593052280528,1.499703,0.01309986022826201
2,880000,0,500,weaver2:weaver5,1,NVSHMEMTEST_USE_MPI_LAUNCHER=1,1.5070575000000002,0.041759605176533876,1.160101,0.01246770676588127,0.1896495,0.0020385888501608337,1.517197,0.01630446816059943
2,1000000,0,500,weaver2:weaver5,1,NVSHMEMTEST_USE_MPI_LAUNCHER=1,1.6095264999999999,0.0037116034944480727,1.2814765000000001,0.0018745400769255086,0.19508799999999998,0.00028567113959935647,1.5607015,0.002283247796451467
2,1200000,0,500,weaver2:weaver5,1,NVSHMEMTEST_USE_MPI_LAUNCHER=1,1.845153,0.028926324204779245,1.5118049999999998,0.00017819090885895267,0.1984385,2.3334523779159778e-05,1.587506,0.00018667619023327823
2,1400000,0,500,weaver2:weaver5,1,NVSHMEMTEST_USE_MPI_LAUNCHER=1,2.0417750000000003,0.021672822843367728,1.7048025,0.0022634488065779884,0.2053025,0.0002722361107568379,1.64242,0.002180717313179217
2,1600000,0,500,weaver2:weaver5,1,NVSHMEMTEST_USE_MPI_LAUNCHER=1,2.279843,0.0314888791797995,1.941088,0.008588518964291799,0.206072,0.0009121677477306557,1.648576,0.007294513554720419
2,1900000,0,500,weaver2:weaver5,1,NVSHMEMTEST_USE_MPI_LAUNCHER=1,2.6104645,0.02670388759151016,2.2722945,0.01593323710047657,0.2090445,0.001465832357399707,1.6723595,0.01172595175241637
2,2200000,0,500,weaver2:weaver5,1,NVSHMEMTEST_USE_MPI_LAUNCHER=1,2.924151,0.020220425514810403,2.5963725,0.004298502122833141,0.211834,0.0003507249634685251,1.6946745,0.002805092600967072
2,2600000,0,500,weaver2:weaver5,1,NVSHMEMTEST_USE_MPI_LAUNCHER=1,3.363565,0.014720548970741706,3.0455855,0.013298557233775255,0.213426,0.0009319667376038596,1.7074055000000001,0.007455026794049749
2,3100000,0,500,weaver2:weaver5,1,NVSHMEMTEST_USE_MPI_LAUNCHER=1,3.9239945,0.030764094729083098,3.5761275,0.012510840279533557,0.21671600000000002,0.0007580184694319715,1.733729,0.006065561969018187
2,3700000,0,500,weaver2:weaver5,1,NVSHMEMTEST_USE_MPI_LAUNCHER=1,4.7947585,0.307510132536312,4.246561,0.016584482445949348,0.217825,0.0008513565645486107,1.7425994999999999,0.006805902768920516
2,4400000,0,500,weaver2:weaver5,1,NVSHMEMTEST_USE_MPI_LAUNCHER=1,5.383240499999999,0.037822434618887166,5.0230915,0.02406496508412176,0.218991,0.0010493464632808458,1.751929,0.008393357492684352
2,5200000,0,500,weaver2:weaver5,1,NVSHMEMTEST_USE_MPI_LAUNCHER=1,6.245292,0.0433145329883633,5.8861305,0.03437741038094647,0.220862,0.0012897627688842573,1.7668955,0.0103202234714176
2,6200000,0,500,weaver2:weaver5,1,NVSHMEMTEST_USE_MPI_LAUNCHER=1,7.4420985,0.0882108638462403,7.0354355,0.05335332796086825,0.2203195,0.0016708933239438146,1.7625570000000002,0.013365732377988103
2,7400000,0,500,weaver2:weaver5,1,NVSHMEMTEST_USE_MPI_LAUNCHER=1,8.7674965,0.05439560335633846,8.390391000000001,0.05422236219494678,0.220495,0.0014255272708720923,1.7639595,0.011399268419508213
2,8800000,0,500,weaver2:weaver5,1,NVSHMEMTEST_USE_MPI_LAUNCHER=1,10.3855465,0.09102514883536299,9.964364,0.08355315147856474,0.2207945,0.0018519126599275556,1.7663565,0.014811765745514488
2,10000000,0,500,weaver2:weaver5,1,NVSHMEMTEST_USE_MPI_LAUNCHER=1,11.5487875,0.052810269952917696,11.136258999999999,0.047996994093379444,0.224494,0.0009673220766631831,1.795952,0.007739990826868035
2,12000000,0,500,weaver2:weaver5,1,NVSHMEMTEST_USE_MPI_LAUNCHER=1,13.8863615,0.09989509629856712,13.423593499999999,0.1061034938373861,0.223494,0.0017663527394039958,1.787953,0.01413223612879438
2,14000000,0,500,weaver2:weaver5,1,NVSHMEMTEST_USE_MPI_LAUNCHER=1,16.040774499999998,0.13415017720636693,15.591668,0.12484535907273445,0.22448600000000002,0.0017974654377762155,1.7958885,0.014380430608990852
2,16000000,0,500,weaver2:weaver5,1,NVSHMEMTEST_USE_MPI_LAUNCHER=1,18.344299999999997,0.04552636299991499,17.856278500000002,0.013251888186218584,0.2240105,0.00016617009357882822,1.7920875,0.001330067855411911
2,19000000,0,500,weaver2:weaver5,1,NVSHMEMTEST_USE_MPI_LAUNCHER=1,21.728152,0.014836514482856179,21.2119815,0.018142238684905006,0.22393049999999998,0.00019162593770154975,1.7914409999999998,0.0015315932880501414
2,22000000,0,500,weaver2:weaver5,1,NVSHMEMTEST_USE_MPI_LAUNCHER=1,25.018241500000002,0.031138861323111593,24.473805,0.030104364102234896,0.2247305,0.0002764787514439222,1.7978420000000002,0.0022118300115515346
2,26000000,0,500,weaver2:weaver5,1,NVSHMEMTEST_USE_MPI_LAUNCHER=1,29.5802135,0.16157319239434445,28.9855685,0.17329419439929308,0.2242535,0.0013413815639108876,1.7940285,0.01072610276381873
2,31000000,0,500,weaver2:weaver5,1,NVSHMEMTEST_USE_MPI_LAUNCHER=1,35.0294255,0.0991837468766945,34.4215555,0.06608690687647437,0.22515,0.00043274935008616813,1.8012005000000002,0.003458459266783389
2,37000000,0,500,weaver2:weaver5,1,NVSHMEMTEST_USE_MPI_LAUNCHER=1,41.317569500000005,0.3087687826068223,40.631037500000005,0.31153357012126504,0.227665,0.0017451395359683979,1.8213215,0.01396465182165314
2,44000000,0,500,weaver2:weaver5,1,NVSHMEMTEST_USE_MPI_LAUNCHER=1,49.5516055,0.26312079724054127,48.776516,0.264382982844963,0.22552149999999999,0.0012225876246715465,1.804173,0.00977928678380996
2,52000000,0,500,weaver2:weaver5,1,NVSHMEMTEST_USE_MPI_LAUNCHER=1,58.448158500000005,0.41966858174099453,57.634439,0.41449609563661605,0.2255655,0.0016228100628231205,1.8045235000000002,0.012977530755116751
3,62000000,0,500,weaver2:weaver5,1,NVSHMEMTEST_USE_MPI_LAUNCHER=1,74.22242233333333,5.319565503806416,73.276575,5.307451947757366,0.2129336666666667,0.014562529250328284,1.7034693333333333,0.11649958345490621
2,74000000,0,500,weaver2:weaver5,1,NVSHMEMTEST_USE_MPI_LAUNCHER=1,82.6777465,0.4366942988184113,81.631512,0.4305898459764256,0.22663149999999999,0.0011957175669864701,1.8130505,0.009563619215548063
2,88000000,0,500,weaver2:weaver5,1,NVSHMEMTEST_USE_MPI_LAUNCHER=1,98.0618605,0.4900398486046835,96.85258200000001,0.491657001813254,0.2271525,0.0011532911601152545,1.817218,0.00922491506735978
2,100000000,0,500,weaver2:weaver5,1,NVSHMEMTEST_USE_MPI_LAUNCHER=1,112.071865,0.34693345690780825,110.772882,0.357797445493952,0.22568850000000001,0.0007290270914033138,1.8055055,0.005831509624445382
2,1000,3,500,weaver2:weaver5,1,NVSHMEMTEST_USE_MPI_LAUNCHER=1,0.47091099999999997,0.00375049436741347,0.1363785,1.4849242404932349e-05,0.001833,0.0,0.014665000000000001,1.4142135623732828e-06
2,1200,3,500,weaver2:weaver5,1,NVSHMEMTEST_USE_MPI_LAUNCHER=1,0.4639005,0.007807165971080649,0.1348915,0.0013795653300949404,0.002224,2.2627416997969458e-05,0.017793,0.00018243354954613017
2,1400,3,500,weaver2:weaver5,1,NVSHMEMTEST_USE_MPI_LAUNCHER=1,0.4479845,0.0015407856762054775,0.1371365,6.293250352560679e-05,0.002552,1.4142135623732828e-06,0.020417499999999998,9.19238815542695e-06
2,1600,3,500,weaver2:weaver5,1,NVSHMEMTEST_USE_MPI_LAUNCHER=1,0.454833,0.007622611101190991,0.1374145,0.0014813887065858267,0.002911,3.1112698372207926e-05,0.0232885,0.0002510229073212252
2,1900,3,500,weaver2:weaver5,1,NVSHMEMTEST_USE_MPI_LAUNCHER=1,0.4568725,0.01361251264462224,0.13813350000000002,0.0019240375516085967,0.003439,4.8083261120685174e-05,0.027512,0.0003832518754031069
2,2200,3,500,weaver2:weaver5,1,NVSHMEMTEST_USE_MPI_LAUNCHER=1,0.455098,0.003869288306652811,0.13974350000000002,7.071067811872547e-07,0.003936,0.0,0.031486,0.0
2,2600,3,500,weaver2:weaver5,1,NVSHMEMTEST_USE_MPI_LAUNCHER=1,0.4734405,0.0046520555134262976,0.14024999999999999,0.0007792316728675892,0.0046345,2.616295090390205e-05,0.037077,0.0002064751801064723
2,3100,3,500,weaver2:weaver5,1,NVSHMEMTEST_USE_MPI_LAUNCHER=1,0.45654649999999997,0.0018363563107414752,0.1426445,8.41457069612048e-05,0.005433,2.8284271247459523e-06,0.043465000000000004,2.5455844122716637e-05
2,3700,3,500,weaver2:weaver5,1,NVSHMEMTEST_USE_MPI_LAUNCHER=1,0.4798215,0.007644531411407776,0.1456405,0.000990656600442343,0.0063514999999999995,4.313351365237899e-05,0.050811499999999996,0.00034577521600021916
2,4400,3,500,weaver2:weaver5,1,NVSHMEMTEST_USE_MPI_LAUNCHER=1,0.47574249999999996,0.013676152254929014,0.145514,0.0008937829714197871,0.0075595,4.596194077712556e-05,0.0604765,0.0003712310601229407
2,5200,3,500,weaver2:weaver5,1,NVSHMEMTEST_USE_MPI_LAUNCHER=1,0.450928,0.008413156482557516,0.14789000000000002,0.0017903943699643429,0.008791,0.00010606601717798271,0.070328,0.0008513565645486107
2,6200,3,500,weaver2:weaver5,1,NVSHMEMTEST_USE_MPI_LAUNCHER=1,0.482808,0.013048948540016566,0.15283449999999998,2.757716446626368e-05,0.0101415,2.121320343559311e-06,0.0811335,1.4849242404912723e-05
2,7400,3,500,weaver2:weaver5,1,NVSHMEMTEST_USE_MPI_LAUNCHER=1,0.4817055,0.024985618113226662,0.15617150000000002,0.0007785245660863824,0.011845999999999999,5.939696961966929e-05,0.09476899999999999,0.00047234732983260526
2,8800,3,500,weaver2:weaver5,1,NVSHMEMTEST_USE_MPI_LAUNCHER=1,0.49332149999999997,0.0009864139597552193,0.16500700000000001,0.0012501647891378297,0.0133335,0.00010111626970967683,0.1066655,0.0008082230508962274
2,10000,3,500,weaver2:weaver5,1,NVSHMEMTEST_USE_MPI_LAUNCHER=1,0.4882995,0.03196334782997554,0.1678,0.0005727564927611072,0.014898999999999999,5.091168824543204e-05,0.11918999999999999,0.00040729350596345633
2,12000,3,500,weaver2:weaver5,1,NVSHMEMTEST_USE_MPI_LAUNCHER=1,0.4834035,0.0244057905526537,0.16959449999999998,0.0007375123727775608,0.0176895,7.707463914933226e-05,0.141515,0.0006151828996322835
2,14000,3,500,weaver2:weaver5,1,NVSHMEMTEST_USE_MPI_LAUNCHER=1,0.521984,0.0206758022818946,0.175312,0.0007820600999923187,0.019965,8.909545442950577e-05,0.159717,0.0007127636354360462
2,16000,3,500,weaver2:weaver5,1,NVSHMEMTEST_USE_MPI_LAUNCHER=1,0.484969,0.017967583309950165,0.1810745,0.0007261986642785843,0.0220905,8.838834764831852e-05,0.176724,0.0007085209947489227
2,19000,3,500,weaver2:weaver5,1,NVSHMEMTEST_USE_MPI_LAUNCHER=1,0.5445685,0.0016850354595675597,0.2127845,0.006781861138360169,0.0223345,0.000712056528654854,0.1786755,0.005694330908895271
2,22000,3,500,weaver2:weaver5,1,NVSHMEMTEST_USE_MPI_LAUNCHER=1,0.5183375,0.004954697215774128,0.2127135,0.00032314779900224173,0.0258565,3.8890872965259754e-05,0.206851,0.0003139554108468271
2,26000,3,500,weaver2:weaver5,1,NVSHMEMTEST_USE_MPI_LAUNCHER=1,0.5387774999999999,0.01499985614931026,0.2173245,0.002369514823756116,0.029911,0.00032668333290818293,0.2392875,0.002608516915797192
2,31000,3,500,weaver2:weaver5,1,NVSHMEMTEST_USE_MPI_LAUNCHER=1,0.5466125,0.00598424468918175,0.217968,0.012302243779083552,0.0356125,0.0020103045789133535,0.284899,0.016079608204182076
2,37000,3,500,weaver2:weaver5,1,NVSHMEMTEST_USE_MPI_LAUNCHER=1,0.5435445,0.02355019134741791,0.220425,0.001961514211011482,0.041966,0.00037335238046649265,0.335729,0.002988233257294316
2,44000,3,500,weaver2:weaver5,1,NVSHMEMTEST_USE_MPI_LAUNCHER=1,0.521704,0.008420227550369351,0.22801349999999998,0.0026594286040425956,0.048246,0.0005628569978244905,0.3859685,0.004502148875814756
2,52000,3,500,weaver2:weaver5,1,NVSHMEMTEST_USE_MPI_LAUNCHER=1,0.5391715,0.026976830809048006,0.2264735,0.0009694433970067645,0.0574025,0.000245366053071732,0.459218,0.0019657568516986052
2,62000,3,500,weaver2:weaver5,1,NVSHMEMTEST_USE_MPI_LAUNCHER=1,0.561419,0.017266133383013152,0.234568,0.0008244865068635146,0.0660795,0.0002326381310103713,0.528636,0.0018582766209582998
2,74000,3,500,weaver2:weaver5,1,NVSHMEMTEST_USE_MPI_LAUNCHER=1,0.560059,0.0024720453070281303,0.2408355,0.0012353155467328975,0.0768165,0.00039385847712090834,0.614535,0.0031508678169671882
2,88000,3,500,weaver2:weaver5,1,NVSHMEMTEST_USE_MPI_LAUNCHER=1,0.564988,0.03787971026816335,0.25189649999999997,0.0010698525599352761,0.0873385,0.00037123106012293584,0.6987065,0.0029677271606399444
2,100000,3,500,weaver2:weaver5,1,NVSHMEMTEST_USE_MPI_LAUNCHER=1,0.581767,0.0060556624740816046,0.2612775,0.00038820162287142996,0.0956835,0.000142128463018491,0.76547,0.0011356134905855927
2,120000,3,500,weaver2:weaver5,1,NVSHMEMTEST_USE_MPI_LAUNCHER=1,0.6236345,0.010228299589863375,0.294078,0.02568211829269542,0.10240450000000001,0.00894277946166627,0.819234,0.07154506412045492
2,140000,3,500,weaver2:weaver5,1,NVSHMEMTEST_USE_MPI_LAUNCHER=1,0.6102665,0.01243447274716549,0.2905755,0.0020117187924757183,0.12045349999999999,0.0008336788950189391,0.9636285,0.006671552480495134
2,160000,3,500,weaver2:weaver5,1,NVSHMEMTEST_USE_MPI_LAUNCHER=1,0.627297,0.01476156116405037,0.3041985,0.0018349420971791007,0.1314955,0.0007926667017101274,1.0519634999999998,0.006343454934024562
2,190000,3,500,weaver2:weaver5,1,NVSHMEMTEST_USE_MPI_LAUNCHER=1,0.65515,0.01284105914634767,0.334302,0.00215101882836947,0.1420895,0.0009142890680741979,1.1367194999999999,0.007315019651374712
2,220000,3,500,weaver2:weaver5,1,NVSHMEMTEST_USE_MPI_LAUNCHER=1,0.6609404999999999,0.004483764099503927,0.347142,0.0014297699115591767,0.1584385,0.0006526595590351885,1.2675049999999999,0.0052198622587190935
2,260000,3,500,weaver2:weaver5,1,NVSHMEMTEST_USE_MPI_LAUNCHER=1,0.7119120000000001,0.0020449528111914994,0.3834265,6.0104076400857774e-05,0.169524,2.687005768509605e-05,1.3561925000000001,0.0002114249275746555
2,310000,3,500,weaver2:weaver5,1,NVSHMEMTEST_USE_MPI_LAUNCHER=1,0.7350345,0.0014545186489007109,0.4174145,0.000738926586339955,0.185667,0.00032809754647057215,1.4853355000000001,0.0026297301192327897
2,370000,3,500,weaver2:weaver5,1,NVSHMEMTEST_USE_MPI_LAUNCHER=1,0.7815775,0.015482102974079457,0.463322,0.004751757569573602,0.19965549999999999,0.0020470741315350613,1.5972439999999999,0.016380835692967576
2,440000,3,500,weaver2:weaver5,1,NVSHMEMTEST_USE_MPI_LAUNCHER=1,0.8355790000000001,0.013123901858822336,0.507998,9.899494936660818e-06,0.216536,4.2426406871235285e-06,1.7322905,3.3234018715702843e-05
2,520000,3,500,weaver2:weaver5,1,NVSHMEMTEST_USE_MPI_LAUNCHER=1,0.9557465,0.0016892781002547225,0.623815,0.007962022356160559,0.208412,0.0026601357108238027,1.667296,0.02127967147302785
5,620000,3,500,weaver2:weaver5,1,NVSHMEMTEST_USE_MPI_LAUNCHER=1,1.0252355999999998,0.06631014513688686,0.7168923999999999,0.06538359844563467,0.2209466,0.01623159196443774,1.7675728,0.12985222450222023
5,740000,3,500,weaver2:weaver5,1,NVSHMEMTEST_USE_MPI_LAUNCHER=1,1.1548216,0.07800154266311021,0.8245968000000001,0.07421468049382143,0.22918919999999998,0.01681861083517304,1.8335148000000001,0.13454967256110287
2,880000,3,500,weaver2:weaver5,1,NVSHMEMTEST_USE_MPI_LAUNCHER=1,1.217667,0.022986627242812273,0.8726605000000001,0.023902330524448807,0.25219749999999996,0.006907726145411363,2.017578,0.05526180916329106
2,1000000,3,500,weaver2:weaver5,1,NVSHMEMTEST_USE_MPI_LAUNCHER=1,1.285886,0.0005713422791986737,0.970561,0.00816142646845509,0.25759200000000004,0.0021665751775555896,2.0607365,0.017329065886538604
6,1200000,3,500,weaver2:weaver5,1,NVSHMEMTEST_USE_MPI_LAUNCHER=1,1.5917258333333333,0.10944337848309202,1.2439838333333333,0.1108092377688491,0.24736199999999997,0.01672189867688475,1.9788956666666664,0.13377609230491572
2,1400000,3,500,weaver2:weaver5,1,NVSHMEMTEST_USE_MPI_LAUNCHER=1,1.6444670000000001,0.05872663239110523,1.321599,0.03843691041173844,0.26494249999999997,0.0077053425945898014,2.119542,0.06164415497028067
2,1600000,3,500,weaver2:weaver5,1,NVSHMEMTEST_USE_MPI_LAUNCHER=1,1.8195074999999998,0.01749028623264922,1.4979244999999999,0.031082292780617086,0.267094,0.005542302950940168,2.1367495,0.04433771650074005
2,1900000,3,500,weaver2:weaver5,1,NVSHMEMTEST_USE_MPI_LAUNCHER=1,2.1146225000000003,0.015096022671551804,1.759209,0.028100423484353473,0.270042,0.004313351365237936,2.1603375,0.03450893224224703
2,2200000,3,500,weaver2:weaver5,1,NVSHMEMTEST_USE_MPI_LAUNCHER=1,2.342604,0.04161464828639063,2.015843,0.042497117549311535,0.272899,0.005753020771733773,2.1831945,0.046024873280651156
2,2600000,3,500,weaver2:weaver5,1,NVSHMEMTEST_USE_MPI_LAUNCHER=1,2.728473,0.013522710083411634,2.3709855,0.010239613298362371,0.27415,0.0011836967517062868,2.193201,0.009472402440774809
2,3100000,3,500,weaver2:weaver5,1,NVSHMEMTEST_USE_MPI_LAUNCHER=1,3.170894,0.016942278477229507,2.8134055,0.014182440710258891,0.27547,0.001388757718250355,2.203763,0.01111006174600284
2,3700000,3,500,weaver2:weaver5,1,NVSHMEMTEST_USE_MPI_LAUNCHER=1,3.6952974999999997,0.007645945624970269,3.336271,0.0488780491427392,0.2772855,0.004062328457916715,2.218283,0.03249862766333372
2,4400000,3,500,weaver2:weaver5,1,NVSHMEMTEST_USE_MPI_LAUNCHER=1,4.290514999999999,0.008892574880202123,3.938702,0.0025993245276417576,0.27928,0.00018384776310848995,2.2342395,0.0014743176387740325
2,5200000,3,500,weaver2:weaver5,1,NVSHMEMTEST_USE_MPI_LAUNCHER=1,5.0522705,0.0031954155441821226,4.673515,0.008724283466279438,0.27816399999999997,0.0005190163773908954,2.2253095,0.00415425233947102
2,6200000,3,500,weaver2:weaver5,1,NVSHMEMTEST_USE_MPI_LAUNCHER=1,5.9786365,0.0331088608154976,5.6014855,0.025252904476514775,0.276715,0.0012473363620130612,2.213721,0.00998010510966706
2,7400000,3,500,weaver2:weaver5,1,NVSHMEMTEST_USE_MPI_LAUNCHER=1,7.006660999999999,0.040152351462896564,6.625475,0.02021476866056106,0.2792265,0.000852063671329798,2.2338125,0.006815802263857099
6,8800000,3,500,weaver2:weaver5,1,NVSHMEMTEST_USE_MPI_LAUNCHER=1,9.082702666666664,0.7782629735540896,8.668864166666665,0.7793382804564096,0.26041,0.017708302502498652,2.083280666666667,0.1416658928811495
2,10000000,3,500,weaver2:weaver5,1,NVSHMEMTEST_USE_MPI_LAUNCHER=1,9.438262,0.06884957307057137,9.017887,0.055884063130736315,0.27723200000000003,0.0017182694782833018,2.2178575,0.013744034505922873
2,12000000,3,500,weaver2:weaver5,1,NVSHMEMTEST_USE_MPI_LAUNCHER=1,10.8784195,0.02345543903873854,10.4416215,0.029263614139405272,0.2873125,0.0008053946237714784,2.298503,0.00644174277660957
2,14000000,3,500,weaver2:weaver5,1,NVSHMEMTEST_USE_MPI_LAUNCHER=1,12.286165,0.012162236636409161,11.848986499999999,0.0049179276631521555,0.295384,0.00012303657992646458,2.3630715,0.0009807571055056035
2,16000000,3,500,weaver2:weaver5,1,NVSHMEMTEST_USE_MPI_LAUNCHER=1,13.882622,0.014523973285572003,13.423906500000001,0.009559376574861292,0.297976,0.00021213203435598016,2.3838075,0.0016977633816288125
6,19000000,3,500,weaver2:weaver5,1,NVSHMEMTEST_USE_MPI_LAUNCHER=1,18.640541833333334,1.6410871251381,18.139408666666668,1.6412265640444321,0.26875316666666665,0.018283567799347405,2.1500256666666666,0.14626840107382502
2,22000000,3,500,weaver2:weaver5,1,NVSHMEMTEST_USE_MPI_LAUNCHER=1,19.0631355,0.07161506769179353,18.5305965,0.09179023837260701,0.29681,0.0014707821048680376,2.3744804999999998,0.01176130709147593
2,26000000,3,500,weaver2:weaver5,1,NVSHMEMTEST_USE_MPI_LAUNCHER=1,22.338257499999997,0.16669264549013468,21.7693525,0.1574663162092117,0.29859250000000004,0.0021602112165248844,2.3887419999999997,0.017278861305074562
2,31000000,3,500,weaver2:weaver5,1,NVSHMEMTEST_USE_MPI_LAUNCHER=1,26.6808445,0.23568929677119332,26.0698385,0.24990779992729276,0.297292,0.002849640328181771,2.3783365,0.022799243945798024
2,37000000,3,500,weaver2:weaver5,1,NVSHMEMTEST_USE_MPI_LAUNCHER=1,31.9264345,0.08885998787136985,31.2462135,0.11295253011995922,0.296038,0.0010705596667164045,2.3683025,0.008560941799825751
2,44000000,3,500,weaver2:weaver5,1,NVSHMEMTEST_USE_MPI_LAUNCHER=1,37.867587,0.21239507807856273,37.131915,0.20891045586088072,0.29624550000000005,0.0016666506832566912,2.3699665000000003,0.013333912572834814
2,52000000,3,500,weaver2:weaver5,1,NVSHMEMTEST_USE_MPI_LAUNCHER=1,45.084965999999994,0.4821662145961692,44.259501,0.4664132897249003,0.2937385,0.003095006381253532,2.3499084999999997,0.024763586583934058
2,62000000,3,500,weaver2:weaver5,1,NVSHMEMTEST_USE_MPI_LAUNCHER=1,53.836192999999994,0.15281426069578893,52.8847155,0.13793461269928126,0.2930915,0.0007643824304626569,2.3447305,0.0061157665504822266
7,74000000,3,500,weaver2:weaver5,1,NVSHMEMTEST_USE_MPI_LAUNCHER=1,72.44152414285713,6.31937673779668,71.37679314285715,6.3104924365015,0.2682481428571429,0.01992679348603083,2.145985714285714,0.15941395363690972
2,88000000,3,500,weaver2:weaver5,1,NVSHMEMTEST_USE_MPI_LAUNCHER=1,75.0692295,0.6320877014501222,73.8870635,0.6540122543075958,0.29776349999999996,0.002635386973482249,2.3821075,0.02108521710820153
2,100000000,3,500,weaver2:weaver5,1,NVSHMEMTEST_USE_MPI_LAUNCHER=1,87.158312,2.0629034239387023,85.8418785,2.027553034626843,0.29131450000000003,0.006880856087726287,2.3305154999999997,0.055046141595029005
2,1000,1,500,weaver2:weaver5,1,NVSHMEMTEST_USE_MPI_LAUNCHER=1,0.065928,0.0004072935059634465,0.043984999999999996,0.000448305699272273,0.005684,5.7982756057297235e-05,0.0454725,0.0004631549416771906
2,1200,1,500,weaver2:weaver5,1,NVSHMEMTEST_USE_MPI_LAUNCHER=1,0.07052649999999999,2.3334523779149966e-05,0.0480755,3.7476659402885246e-05,0.0062405,4.949747468305876e-06,0.0499215,3.8890872965259754e-05
2,1400,1,500,weaver2:weaver5,1,NVSHMEMTEST_USE_MPI_LAUNCHER=1,0.07407449999999999,0.00010677312395916752,0.051339499999999996,7.990306627407637e-05,0.006817500000000001,1.0606601717798395e-05,0.054539000000000004,8.485281374238716e-05
2,1600,1,500,weaver2:weaver5,1,NVSHMEMTEST_USE_MPI_LAUNCHER=1,0.062655,0.00031112698372208296,0.0407435,0.00043628488399209946,0.009818,0.00010465180361560944,0.078544,0.0008400428560496146
2,1900,1,500,weaver2:weaver5,1,NVSHMEMTEST_USE_MPI_LAUNCHER=1,0.076598,0.00040587929240107205,0.054096,0.0005091168824543131,0.008781500000000001,8.273149339882661e-05,0.070249,0.0006604377336282384
2,2200,1,500,weaver2:weaver5,1,NVSHMEMTEST_USE_MPI_LAUNCHER=1,0.074636,0.0004511341263970171,0.052042,0.0005897270555095816,0.010569,0.0001202081528017131,0.0845525,0.0009581296885077684
2,2600,1,500,weaver2:weaver5,1,NVSHMEMTEST_USE_MPI_LAUNCHER=1,0.0817475,0.00018879751057680074,0.059208,0.0001513208511739204,0.010978000000000002,2.8284271247461973e-05,0.0878265,0.00022415284963613405
2,3100,1,500,weaver2:weaver5,1,NVSHMEMTEST_USE_MPI_LAUNCHER=1,0.0839445,0.0012070312754854367,0.061832,0.0008061017305526657,0.0125345,0.00016334166645409268,0.1002795,0.0013074404384139288
2,3700,1,500,weaver2:weaver5,1,NVSHMEMTEST_USE_MPI_LAUNCHER=1,0.094986,0.00017819090885901154,0.07230900000000001,0.00020788939366884682,0.012792,3.676955262170044e-05,0.1023395,0.0002948635277547908
2,4400,1,500,weaver2:weaver5,1,NVSHMEMTEST_USE_MPI_LAUNCHER=1,0.100369,0.0005501290757631346,0.07771549999999999,0.0006144757928511061,0.0141545,0.00011242997820866064,0.11323649999999999,0.0008944900782009842
2,5200,1,500,weaver2:weaver5,1,NVSHMEMTEST_USE_MPI_LAUNCHER=1,0.1005315,6.0104076400857774e-05,0.078182,0.0003676955262169996,0.016628,7.778174593051951e-05,0.1330245,0.0006257895013500924
2,6200,1,500,weaver2:weaver5,1,NVSHMEMTEST_USE_MPI_LAUNCHER=1,0.1170435,0.0021022284604675983,0.094849,0.0012713779925734082,0.016343,0.00021920310216782816,0.130746,0.0017522106037802508
2,7400,1,500,weaver2:weaver5,1,NVSHMEMTEST_USE_MPI_LAUNCHER=1,0.1268805,0.00043345645686735534,0.1044745,8.41457069612048e-05,0.017708,1.4142135623732826e-05,0.141662,0.0001145512985522175
2,8800,1,500,weaver2:weaver5,1,NVSHMEMTEST_USE_MPI_LAUNCHER=1,0.1377985,0.0010231835123769369,0.11505399999999999,0.0010875302294649084,0.0191225,0.0001803122292025684,0.152979,0.0014467404743076708
2,10000,1,500,weaver2:weaver5,1,NVSHMEMTEST_USE_MPI_LAUNCHER=1,0.144351,0.0017677669529663704,0.12313550000000001,0.0007191275964667217,0.020303,0.00011879393923933858,0.1624255,0.0009482301935711468
2,12000,1,500,weaver2:weaver5,1,NVSHMEMTEST_USE_MPI_LAUNCHER=1,0.169336,0.0005444722215136562,0.1464105,0.0005282087655463494,0.020490500000000002,7.42462120245857e-05,0.16392400000000001,0.0005911412690719365
2,14000,1,500,weaver2:weaver5,1,NVSHMEMTEST_USE_MPI_LAUNCHER=1,0.1884995,7.990306627408127e-05,0.165528,0.00013435028842544101,0.0211445,1.767766952966174e-05,0.16915550000000001,0.00013788582233135766
2,16000,1,500,weaver2:weaver5,1,NVSHMEMTEST_USE_MPI_LAUNCHER=1,0.1972335,0.0013328962825366404,0.1741905,0.001279156167166468,0.022964,0.00016829141392239735,0.183712,0.0013491597385039277
2,19000,1,500,weaver2:weaver5,1,NVSHMEMTEST_USE_MPI_LAUNCHER=1,0.2387595,0.0017416040020624812,0.21570099999999998,0.00198272741444708,0.022022,0.00020223253941935366,0.176177,0.0016192745289172038
2,22000,1,500,weaver2:weaver5,1,NVSHMEMTEST_USE_MPI_LAUNCHER=1,0.2644485,0.0016567511883201088,0.2417735,0.0022691056608276435,0.0227495,0.0002128391411371502,0.1819965,0.0017076628765655126
2,26000,1,500,weaver2:weaver5,1,NVSHMEMTEST_USE_MPI_LAUNCHER=1,0.2960925,0.004489420953753385,0.273291,0.003559575536493068,0.023786,0.000309712770159706,0.1902895,0.002478409268058835
2,31000,1,500,weaver2:weaver5,1,NVSHMEMTEST_USE_MPI_LAUNCHER=1,0.3437755,0.005011265758269069,0.32012850000000004,0.005144201833132116,0.024211999999999997,0.00038890872965260004,0.193697,0.0031126840507831747
2,37000,1,500,weaver2:weaver5,1,NVSHMEMTEST_USE_MPI_LAUNCHER=1,0.3832315,0.0038855517626200983,0.359681,0.003336129793638131,0.0257185,0.00023829498525986686,0.205747,0.0019077740956413094
2,44000,1,500,weaver2:weaver5,1,NVSHMEMTEST_USE_MPI_LAUNCHER=1,0.45704900000000004,0.006891462689444076,0.4333,0.0069862149981230895,0.025389500000000002,0.00040941482630701075,0.203119,0.003275318610456086
2,52000,1,500,weaver2:weaver5,1,NVSHMEMTEST_USE_MPI_LAUNCHER=1,0.5207174999999999,0.005530282135659964,0.4964895,0.005509068932224387,0.0261855,0.0002906208870676722,0.2094835,0.0023242599897601904
2,62000,1,500,weaver2:weaver5,1,NVSHMEMTEST_USE_MPI_LAUNCHER=1,0.6069884999999999,0.0055019978644124745,0.5823455,0.005459571457541318,0.0266175,0.0002496086937588507,0.2129415,0.0019961624432896182
2,74000,1,500,weaver2:weaver5,1,NVSHMEMTEST_USE_MPI_LAUNCHER=1,0.712013,0.0018851466786433762,0.6867545,0.002410527017064937,0.0269385,9.404520189781165e-05,0.215508,0.0007566042558696167
2,88000,1,500,weaver2:weaver5,1,NVSHMEMTEST_USE_MPI_LAUNCHER=1,0.908325,0.0500787164571937,0.8827155,0.05030145509326744,0.024964,0.0014226988437473335,0.199709,0.011380176536416294
2,100000,1,500,weaver2:weaver5,1,NVSHMEMTEST_USE_MPI_LAUNCHER=1,0.9709785,0.022082237669674737,0.9452020000000001,0.022094258484954863,0.0264565,0.0006187184335382296,0.211653,0.004946919041181088
2,120000,1,500,weaver2:weaver5,1,NVSHMEMTEST_USE_MPI_LAUNCHER=1,1.1575695000000001,0.010665291580636666,1.1318095000000001,0.01138371207032213,0.0265075,0.00026657925650733005,0.21206049999999999,0.0021333411588398275
2,140000,1,500,weaver2:weaver5,1,NVSHMEMTEST_USE_MPI_LAUNCHER=1,1.3886495,0.024964404909791002,1.3614515,0.02497996125897724,0.0257125,0.00047164022305142786,0.20569749999999998,0.00377382889119261
2,160000,1,500,weaver2:weaver5,1,NVSHMEMTEST_USE_MPI_LAUNCHER=1,1.532565,0.008526293567547479,1.5057185,0.008804186532553696,0.026566,0.00015556349186103901,0.2125265,0.0012423866145447702
2,190000,1,500,weaver2:weaver5,1,NVSHMEMTEST_USE_MPI_LAUNCHER=1,1.843427,0.036358016475049874,1.8153495,0.03668257848761449,0.026171,0.0005289158723275366,0.2093685,0.004230619871839106
2,220000,1,500,weaver2:weaver5,1,NVSHMEMTEST_USE_MPI_LAUNCHER=1,2.134687,0.012419623504760616,2.1063535,0.012401945835230993,0.026112,0.00015414927829866942,0.2088955,0.0012296586924834191
2,260000,1,500,weaver2:weaver5,1,NVSHMEMTEST_USE_MPI_LAUNCHER=1,2.4853075000000002,0.05587062810189283,2.455545,0.05440479574449297,0.026477,0.000586898628384835,0.2118175,0.004693067706735119
2,310000,1,500,weaver2:weaver5,1,NVSHMEMTEST_USE_MPI_LAUNCHER=1,2.821046,0.01017102394058711,2.7902585,0.009682413154787363,0.0277755,9.687362902255822e-05,0.22220299999999998,0.0007707463914933422
2,370000,1,500,weaver2:weaver5,1,NVSHMEMTEST_USE_MPI_LAUNCHER=1,3.2961295,0.00792595991032003,3.2628415000000004,0.008345981338344827,0.0283495,7.283199846221363e-05,0.226797,0.0005798275605729601
2,440000,1,500,weaver2:weaver5,1,NVSHMEMTEST_USE_MPI_LAUNCHER=1,4.2116185,0.2651105957228039,4.1777565,0.26338384096314676,0.026382,0.0016631151493507598,0.211059,0.013306335408368453
2,520000,1,500,weaver2:weaver5,1,NVSHMEMTEST_USE_MPI_LAUNCHER=1,4.826221,0.06661511564202231,4.7901240000000005,0.06743818793532358,0.027142,0.00038183766184073483,0.217135,0.0030575297218506277
2,620000,1,500,weaver2:weaver5,1,NVSHMEMTEST_USE_MPI_LAUNCHER=1,5.8529230000000005,0.22671116197046887,5.813889,0.226258613630509,0.0266805,0.001038739861563037,0.21344400000000002,0.008307090465379566
2,740000,1,500,weaver2:weaver5,1,NVSHMEMTEST_USE_MPI_LAUNCHER=1,6.8651285,0.020996121653772133,6.824402,0.021012385109739812,0.027109,8.343860018001265e-05,0.21687,0.0006675088014401012
2,880000,1,500,weaver2:weaver5,1,NVSHMEMTEST_USE_MPI_LAUNCHER=1,8.2221615,0.2683519732077633,8.1786395,0.26730121253091954,0.026914,0.0008796408357960666,0.21531,0.007037126686368533
2,1000000,1,500,weaver2:weaver5,1,NVSHMEMTEST_USE_MPI_LAUNCHER=1,9.533319500000001,0.04641519622386699,9.4878675,0.045306452790966005,0.02635,0.0001258650070512062,0.21079799999999999,0.0010069200564096496
2,1200000,1,500,weaver2:weaver5,1,NVSHMEMTEST_USE_MPI_LAUNCHER=1,11.092596499999999,0.016689841356345797,11.0430075,0.017319166391601862,0.0271665,4.313351365237838e-05,0.217332,0.0003408254685319035
2,1400000,1,500,weaver2:weaver5,1,NVSHMEMTEST_USE_MPI_LAUNCHER=1,12.801378,0.2299581963096773,12.7488555,0.23000557246401648,0.027458,0.0004949747468305827,0.2196635,0.003963333508550598
2,1600000,1,500,weaver2:weaver5,1,NVSHMEMTEST_USE_MPI_LAUNCHER=1,14.879086000000001,0.048262866243107584,14.822336,0.04795739611363375,0.0269865,8.6974134085944e-05,0.21589150000000001,0.0006979143930311138
2,1900000,1,500,weaver2:weaver5,1,NVSHMEMTEST_USE_MPI_LAUNCHER=1,17.44202,0.49159760484363607,17.379512499999997,0.4917807454999632,0.027341999999999998,0.0007735748186180839,0.2187355,0.006189305655725858
2,2200000,1,500,weaver2:weaver5,1,NVSHMEMTEST_USE_MPI_LAUNCHER=1,19.949585,0.25762304201681924,19.88138,0.2558425471417901,0.027666499999999997,0.0003556747109368334,0.221331,0.0028482261146193966
2,2600000,1,500,weaver2:weaver5,1,NVSHMEMTEST_USE_MPI_LAUNCHER=1,23.3770405,0.24937181298715505,23.30299,0.24854237673282223,0.027895000000000003,0.00029698484809835015,0.22316,0.002380121425473905
2,3100000,1,500,weaver2:weaver5,1,NVSHMEMTEST_USE_MPI_LAUNCHER=1,27.539181,0.499784487156214,27.4562465,0.4979325744962869,0.028231,0.0005119453095790596,0.225851,0.004095562476632497
2,3700000,1,500,weaver2:weaver5,1,NVSHMEMTEST_USE_MPI_LAUNCHER=1,33.034448,0.47574851345011987,32.941558,0.47591256222335293,0.028083,0.0004058792924010769,0.224664,0.003245620125646241
2,4400000,1,500,weaver2:weaver5,1,NVSHMEMTEST_USE_MPI_LAUNCHER=1,39.6721565,0.836406205873975,39.563058999999996,0.8349516872250737,0.02781,0.000586898628384835,0.22247899999999998,0.00469518902707868
2,5200000,1,500,weaver2:weaver5,1,NVSHMEMTEST_USE_MPI_LAUNCHER=1,46.275715500000004,0.5042272390624088,46.1432085,0.49869059296571433,0.028174499999999998,0.00030476302269140013,0.2253985,0.002435982861187639
2,6200000,1,500,weaver2:weaver5,1,NVSHMEMTEST_USE_MPI_LAUNCHER=1,56.212312499999996,0.8153726075608029,56.0507375,0.8164488240817648,0.0276565,0.0004023437584951456,0.2212515,0.003222285601867101
2,7400000,1,500,weaver2:weaver5,1,NVSHMEMTEST_USE_MPI_LAUNCHER=1,66.3527765,2.3344628335059214,66.16109499999999,2.3315417753928394,0.0279795,0.000986413959755234,0.22383550000000002,0.007887776144135937
2,8800000,1,500,weaver2:weaver5,1,NVSHMEMTEST_USE_MPI_LAUNCHER=1,77.3257625,1.131116998564034,77.10529700000001,1.1299071388614235,0.0285355,0.000417900107681248,0.2282835,0.003345322181793546
2,10000000,1,500,weaver2:weaver5,1,NVSHMEMTEST_USE_MPI_LAUNCHER=1,85.99637999999999,0.08754830479226948,85.7575095,0.08564548044409742,0.029152,2.9698484809835258e-05,0.233216,0.00023334523779155853
2,12000000,1,500,weaver2:weaver5,1,NVSHMEMTEST_USE_MPI_LAUNCHER=1,108.151536,1.0136149434139112,107.8682015,1.0111110783017307,0.027813,0.00026021529547664966,0.22250350000000002,0.002085257897719134
2,14000000,1,500,weaver2:weaver5,1,NVSHMEMTEST_USE_MPI_LAUNCHER=1,122.3892525,2.127851888897462,122.07769350000001,2.124317769205091,0.0286745,0.0004985102807365166,0.22939700000000002,0.003992324886579256
2,16000000,1,500,weaver2:weaver5,1,NVSHMEMTEST_USE_MPI_LAUNCHER=1,143.159063,9.459625021238944,142.80742650000002,9.445236105348592,0.028071,0.0018568624073958737,0.2245695,0.014852777938823428
2,19000000,1,500,weaver2:weaver5,1,NVSHMEMTEST_USE_MPI_LAUNCHER=1,167.903286,1.1379370434685725,167.498096,1.136975378246175,0.028359000000000002,0.00019233304448273945,0.2268735,0.001539371462643103
2,22000000,1,500,weaver2:weaver5,1,NVSHMEMTEST_USE_MPI_LAUNCHER=1,189.8965005,3.3964848929463165,189.449794,3.3912614951536955,0.0290365,0.0005197234841721122,0.2322885,0.0041584949801580845
2,26000000,1,500,weaver2:weaver5,1,NVSHMEMTEST_USE_MPI_LAUNCHER=1,234.19404600000001,1.7250973013624373,233.655475,1.723418629863898,0.0278195,0.00020576807332528505,0.222556,0.0016419019459151568
2,31000000,1,500,weaver2:weaver5,1,NVSHMEMTEST_USE_MPI_LAUNCHER=1,274.2690795,2.4066075241768257,273.6483505,2.4028259171110213,0.028322,0.0002489015869776634,0.226577,0.001989798482258933
2,37000000,1,500,weaver2:weaver5,1,NVSHMEMTEST_USE_MPI_LAUNCHER=1,326.02069300000005,4.2431950588357426,325.2895495,4.229096056725648,0.0284385,0.00036981684656056375,0.2275085,0.002957827665703323
2,44000000,1,500,weaver2:weaver5,1,NVSHMEMTEST_USE_MPI_LAUNCHER=1,372.173086,9.839809467425274,371.3517045,9.803640248460798,0.029632,0.0007820600999923211,0.2370545,0.00625860212028213
2,52000000,1,500,weaver2:weaver5,1,NVSHMEMTEST_USE_MPI_LAUNCHER=1,450.7850105,2.0303644911888066,449.805205,2.0238456737731068,0.028901999999999997,0.00013010764773832483,0.2312135,0.0010401540751254115
2,62000000,1,500,weaver2:weaver5,1,NVSHMEMTEST_USE_MPI_LAUNCHER=1,540.903914,3.6160959957268672,539.7436545,3.6198203271434597,0.028718,0.00019233304448274192,0.2297435,0.0015407856762054972
2,74000000,1,500,weaver2:weaver5,1,NVSHMEMTEST_USE_MPI_LAUNCHER=1,665.5727420000001,1.158141912634151,664.166577,1.1540109948185184,0.0278545,4.879036790187151e-05,0.222836,0.0003874945160902231
2,88000000,1,500,weaver2:weaver5,1,NVSHMEMTEST_USE_MPI_LAUNCHER=1,785.0933660000001,7.075675319651711,783.4374065,7.062166044597084,0.028083,0.00025314422766478206,0.22466,0.0020251538213182565
2,100000000,1,500,weaver2:weaver5,1,NVSHMEMTEST_USE_MPI_LAUNCHER=1,883.790679,18.432193477383027,881.948041,18.40986304523318,0.028352500000000003,0.000591848375853141,0.22682000000000002,0.004734787006825128
